{"accuracy": [0.6076306104660034, 0.866791844367981, 0.9152156710624695, 0.940935492515564, 0.9551467895507812, 0.9656737446784973, 0.9715346693992615, 0.9762148857116699, 0.9794440865516663, 0.981819748878479], "loss": [1.3380383253097534, 0.4242009222507477, 0.26401981711387634, 0.18271751701831818, 0.13821204006671906, 0.10240159183740616, 0.08635278791189194, 0.07241014391183853, 0.06282305717468262, 0.05691181495785713], "val_accuracy": [0.8434441089630127, 0.8868085741996765, 0.9080355167388916, 0.9259048700332642, 0.9512292146682739, 0.9581151604652405, 0.9671636819839478, 0.9683587551116943, 0.972456157207489, 0.9794559478759766], "val_loss": [0.50067138671875, 0.3562939167022705, 0.2875809967517853, 0.2319568693637848, 0.15425781905651093, 0.13436737656593323, 0.10989908874034882, 0.1079457476735115, 0.09542585164308548, 0.07735151797533035]}